{"stats":{"minecraft:picked_up":{"minecraft:porkchop":9,"minecraft:saddle":4,"minecraft:chainmail_chestplate":1,"minecraft:emerald":3,"minecraft:golden_chestplate":1,"minecraft:emerald_ore":1},"minecraft:mined":{"minecraft:lime_bed":1,"minecraft:white_bed":1,"minecraft:light_blue_bed":1,"minecraft:red_bed":1,"minecraft:pink_bed":1,"minecraft:gray_bed":1,"minecraft:yellow_bed":2,"minecraft:blue_bed":1},"minecraft:used":{"minecraft:wooden_sword":4,"minecraft:villager_spawn_egg":17,"minecraft:command_block":3,"minecraft:barrier":8,"minecraft:sign":4,"minecraft:shulker_spawn_egg":51,"minecraft:cobblestone_slab":2},"minecraft:custom":{"minecraft:time_since_rest":59733,"minecraft:play_one_minute":59733,"minecraft:crouch_one_cm":1671,"minecraft:sprint_one_cm":49540,"minecraft:walk_one_cm":24922,"minecraft:sneak_time":978,"minecraft:drop":6,"minecraft:jump":254,"minecraft:damage_dealt":199,"minecraft:leave_game":2,"minecraft:time_since_death":59733,"minecraft:player_kills":1,"minecraft:fall_one_cm":2508,"minecraft:fly_one_cm":315241},"minecraft:dropped":{"minecraft:barrier":3,"minecraft:emerald":3}},"DataVersion":1631}